"","Type","Subtype","Country","Name","Alcohol_Content","Price","Sweetness"
"1","WINE","TABLE WINE WHITE","FRANCE","CHATEAU CARBONNIEUX BLANC 2010",13.5,60,0
"2","WINE","TABLE WINE WHITE","UNITED STATES OF AMERICA","CHARDONNAY - CAKEBREAD CELLARS NAPA 2011/12",14.1,65,0
"3","WINE","TABLE WINE RED","FRANCE","POMMARD 1ER LES ARVELETS - DOM CYROT BUTHIAU 2010",13,59.99,0
"4","WINE","TABLE WINE RED","ITALY","VENETO TEROLDEGO - MARION 07/08",14,59.99,0
"5","WINE","TABLE WINE WHITE","GERMANY","RIESLING SPATLESE - MULLER CATOIR TROCKEN HERRENLETTEN 08",12.5,57.98,0
"6","WINE","TABLE WINE RED","FRANCE","CHATEAUNEUF DU PAPE - OGIER GALETS ROULES 2010",14.5,54.97,0
"7","WINE","SPARKLING WINE WHITE","FRANCE","MUMM - CARTE CLASSIQUE",12,59.99,2
"8","WINE","TABLE WINE RED","ITALY","TOSCANA - FRESCOBALDI CASTELGIOCONDO LAMAIONE 2007",15,67.99,0
"9","WINE","TABLE WINE RED","AUSTRALIA","SHIRAZ - JOHN DUVAL ENTITY BAROSSA 09/10",14,59.99,0
"10","WINE","TABLE WINE RED","ITALY","AGLIANICO DEL VULTURE - ELENA FUCCI TITOLO 2008",14,64.99,0
"11","WINE","TABLE WINE WHITE","UNITED STATES OF AMERICA","CHARDONNAY - SIGNORELLO NAPA VIEILLES VIGNES 10/11",13.9,59.99,0
"12","WINE","TABLE WINE RED","FRANCE","CHAMBOLLE MUSIGNY - VINCENT GIRARDIN VIEILLE VIGNES 2009",13,59.96,0
"13","WINE","TABLE WINE RED","UNITED STATES OF AMERICA","ZINFANDEL - SEGHESIO SONOMA OLD VINE 10/11",15,54.99,0
"14","WINE","ICE WINE WHITE","CANADA","JACKSON TRIGGS - GRAND RESERVE RIESLING ICEWINE 2009",10,59.99,10
"15","WINE","TABLE WINE RED","FRANCE","CHATEAUNEUF DU PAPE - LES CAILLOUX 10/11",13.7,66.93,0
"16","WINE","TABLE WINE RED","FRANCE","BEAUNE 1ER MARCONNETS - DOMAINE BOUCHARD PERE 09/10",13.5,55,0
"17","WINE","TABLE WINE RED","ITALY","BAROLO - MARCARINI LA SERRA 07/09",13.5,54.99,0
"18","WINE","TABLE WINE RED","FRANCE","L'HOSPITALET DE GAZIN 2009",14.5,60,0
"19","WINE","TABLE WINE RED","UNITED STATES OF AMERICA","CABERNET SAUVIGNON - HONIG NAPA 2012",14.3,59.99,0
"20","WINE","TABLE WINE RED","ITALY","CHIANTI CLASSICO RISERVA - FELSINA BERARDENGA",13.5,59.99,0
"21","WINE","TABLE WINE WHITE","FRANCE","MARSANNAY BLANC - DOMAINE MARC ROY LES CHAMPS PERDRIX 2012",13,59.99,0
"22","WINE","TABLE WINE RED","ITALY","BARBARESCO RISERVA - PRODUTTORI BARBARESCO OVELLO 07/08",13.5,62.95,0
"23","WINE","TABLE WINE WHITE","GERMANY","RIESLING AUSLESE - DR LOOSEN URZIGER WURZGARTEN 2012",7.5,57.91,9
"24","WINE","TABLE WINE RED","FRANCE","CHATEAU LAGRANGE 2011",13,65,NA
"25","WINE","TABLE WINE WHITE","FRANCE","CHATEAU HAUT BERGEY BLANC 2011",13,65,0
"26","WINE","TABLE WINE RED","ITALY","BRUNELLO DI MONTALCINO - MATE 06/07",14,64.96,0
"27","WINE","TABLE WINE RED","UNITED STATES OF AMERICA","COLUMBIA VALLEY RED - CHESTER KIDDER LONG SHADOWS 2010",14.3,59.99,0
"28","WINE","TABLE WINE RED","UNITED STATES OF AMERICA","ZINFANDEL - SEGHESIO ROCKPILE 2011",14.8,54.99,0
"29","WINE","TABLE WINE RED","FRANCE","CHATEAU LA VIELLE CURE 2010",14,62.88,0
"30","WINE","TABLE WINE RED","FRANCE","CHATEAU JOANIN BECOT 2009",14,55,0
"31","WINE","TABLE WINE RED","ITALY","AMARONE - TEDESCHI 08/09",15,54.99,0
"32","WINE","TABLE WINE RED","FRANCE","CHAMBOLLE MUSIGNY - DOMAINE ANTONIN GUYON CLOS DU VILLAGE 09",13,64.99,0
"33","WINE","TABLE WINE RED","ITALY","TOSCANA - FRESCOBALDI MORMORETO 08/09",14,63.99,0
"34","WINE","SPARKLING WINE WHITE","ITALY","TRENTO RISERVA- CESARINI SFORZA AQUILA REALE 05",12.5,65.49,1
"35","WINE","TABLE WINE RED","ITALY","BRUNELLO DI MONTALCINO - FRESCOBALDI CASTELGIOCONDO 07/08",14,54.99,0
"36","WINE","SPARKLING WINE WHITE","FRANCE","POMMERY - BRUT ROYAL",12.5,59.99,1
"37","WINE","TABLE WINE RED","ITALY","CHIANTI RUFINA RISERVA - FRESCOBALDI MONTESODI 07/09",14.5,54.99,0
"38","WINE","TABLE WINE RED","LEBANON","CHATEAU MUSAR 2005",13,59.99,0
"39","WINE","TABLE WINE RED","FRANCE","CHATEAUNEUF DU PAPE - CHAPOUTIER LA BERNARDINE 09/10",14.5,58.99,0
"40","WINE","ICE WINE RED","CANADA","PARADISE RANCH - PINOT NOIR ICEWINE 2012",12,54.9,10
"41","WINE","SPARKLING WINE WHITE","FRANCE","PERRIER JOUET - GRAND BRUT",12.5,66.99,0
"42","WINE","TABLE WINE RED","AUSTRALIA","SHIRAZ GRENACHE MOURVEDRE - JOHN DUVAL BAROSSA PLEXUS 09/10",14,54.99,0
"43","WINE","TABLE WINE WHITE","FRANCE","PULIGNY MONTRACHET - BOUCHARD PERE 2011",13,66,0
"44","WINE","TABLE WINE WHITE","FRANCE","CHATEAU DE FARGUES 2006",14,59.99,10
"45","WINE","TABLE WINE RED","ITALY","VENETO CORVINA - ZENATO CRESASSO 2007",14,54.87,0
"46","BEER","BEER","CANADA","COLUMBIA - KOKANEE CAN 30 PK",5,55.99,NA
"47","BEER","BEER","CANADA","LABATT - BUDWEISER CAN 30 PK",5,55.99,NA
"48","WINE","TABLE WINE RED","FRANCE","CHATEAUNEUF DU PAPE - CHATEAU DE VAUDIEU 2010",15,54.97,0
"49","WINE","TABLE WINE RED","SPAIN","PRIORAT - ALVARO PALACIOS LES TERRACES 09/10",13.9,54.99,0
"50","WINE","TABLE WINE RED","ITALY","BRUNELLO DI MONTALCINO - POGGIO SAN POLO 2007",14,64.99,0
"51","WINE","TABLE WINE RED","ITALY","TAURASI - VILLA MATILDE 2007",13.5,59.99,0
"52","WINE","TABLE WINE RED","AUSTRALIA","SHIRAZ - PENFOLDS ST. HENRI 02010",14.5,64.99,0
"53","WINE","TABLE WINE RED","AUSTRALIA","SHIRAZ - LONGVIEW THE PIECE 2010",14,64.99,0
"54","WINE","TABLE WINE RED","FRANCE","HAUTES COTES DE NUITS - THIBAULT LIGER BELAIR CLOS PRIEUR 11",13,53,NA
"55","WINE","TABLE WINE WHITE","FRANCE","CHABLIS 1ER MONTMAINS - WM FEVRE 10/11",12.5,55.99,0
"56","WINE","TABLE WINE WHITE","FRANCE","SANCERRE - PASCAL COTAT LES MONTS DAMNES 12/13",12.5,62.99,0
"57","WINE","TABLE WINE RED","ITALY","BARBARESCO RISERVA - PRODUTTORI BARBARESCO ASILI 07/08",13.5,62.95,0
"58","WINE","SPARKLING WINE WHITE","FRANCE","MICHEL LORIOT - BLANC DE NOIRS AUTHENTIC MEUNIER BRUT",12,59.99,0
"59","WINE","TABLE WINE RED","ARGENTINA","MALBEC CABERNET SAUVIGNON - PASCAL TOSO FINCA PEDREGAL 2010",14.3,54.99,0
"60","WINE","TABLE WINE RED","UNITED STATES OF AMERICA","CABERNET SAUVIGNON - TREFETHEN NAPA OAK KNOLL 09/10",14.1,59.99,0
"61","WINE","TABLE WINE RED","FRANCE","FIXIN - FOUGERAY DE BEAUCLAIR CLOS MARION  2012",13,64.49,0
"62","WINE","SAKE","JAPAN","NANZANJYU - DAIGINJO SAKE",15.5,64.99,0
"63","WINE","TABLE WINE RED","FRANCE","MERCUREY 1ER  CLOS DES BARRAULTS - DOMAINE MICHEL JUILLOT",13,54.99,0
"64","WINE","PORT","PORTUGAL","TAYLOR FLADGATE - 20 YEAR OLD TAWNY",20,66.99,10
"65","WINE","TABLE WINE WHITE","SPAIN","NAVARRA BLANCO - CHIVITE COLECCION 125 2007",13,59.99,0
"66","WINE","TABLE WINE RED","ITALY","BAROLO - MICHELE CHIARLO TORTONIANO 07/09",13.4,59.95,0
"67","WINE","TABLE WINE RED","ITALY","BRUNELLO DI MONTALCINO - PIERI AGOSTINA 07/08",13,59.95,0
"68","WINE","TABLE WINE RED","ITALY","BAROLO - MASSOLINO 2010",14.5,66.99,0
"69","WINE","TABLE WINE RED","FRANCE","NUITS ST GEORGES - DOM GACHOT MONOT AUX CROTS 2010",13,59.99,0
"70","WINE","SPARKLING WINE WHITE","FRANCE","CHARLES DE CAZANOVE - BRUT",12,55,0
"71","WINE","TABLE WINE RED","FRANCE","PERNAND VERGELESSES 1ER VERGELESSES - DOM PAVELOT 09/10",13,59.96,0
"72","WINE","TABLE WINE RED","FRANCE","LANGUEDOC TERRASSES DU LARZAC - LA PEIRA LAS FLORS 2010/11",14.5,55.97,0
"73","WINE","TABLE WINE WHITE","AUSTRIA","RIESLING - NIKOLAIHOF VOM STEIN - SMARAGD WACHAU 2009",12.5,66.96,0
"74","WINE","TABLE WINE WHITE","UNITED STATES OF AMERICA","CHARDONNAY - PAUL HOBBS RUSSIAN RIVER 12",14,59.99,0
"75","WINE","TABLE WINE RED","FRANCE","NUITS ST GEORGES - DOM DANIEL RION LES GRANDS VIGNES 09",13.5,64.93,0
"76","WINE","TABLE WINE RED","FRANCE","CROZES HERMITAGE - DELAS LE CLOS 2009",13.5,59.49,0
"77","WINE","TABLE WINE RED","FRANCE","CHAMBOLLE MUSIGNY - BOUCHARD PERE 09/11",13.5,64,0
"78","WINE","TABLE WINE RED","UNITED STATES OF AMERICA","CABERNET SAUVIGNON - FEATHER COLUMBIA VALLEY 08/09",14.2,64.99,0
"79","WINE","TABLE WINE RED","AUSTRALIA","SHIRAZ - PENFOLDS ST. HENRI 09",14.5,64.99,NA
"80","WINE","TABLE WINE RED","FRANCE","CHATEAUNEUF DU PAPE - CHANTE CIGALE 2010",15,54.97,0
"81","WINE","TABLE WINE RED","FRANCE","BEAUNE 1ER LES GREVES - DOMAINE JADOT 2003",13.5,58,0
"82","WINE","SPARKLING WINE WHITE","FRANCE","BARON FUENTE - BRUT MILLESIME 2006",12.5,59.9,1
"83","WINE","TABLE WINE WHITE","FRANCE","VIRE CLESSE - HERITIERS DU COMTE LAFON 2012",13.5,62.99,0
"84","WINE","TABLE WINE RED","AUSTRALIA","SHIRAZ - D'ARENBERG THE DEAD ARM 2010",14.5,65.99,0
"85","WINE","SPARKLING WINE WHITE","FRANCE","TENDIL & LOMBARDI BRUT",12,54.99,1
"86","WINE","TABLE WINE RED","SPAIN","RIOJA GRAN RESERVA - MUGA PRADO ENEA 05",13.5,65.99,0
"87","WINE","SPARKLING WINE WHITE","FRANCE","HENRIOT - SOUVERAIN BRUT",11.9,64.99,1
"88","WINE","SPARKLING WINE WHITE","FRANCE","MUMM - CORDON ROUGE BRUT",11.5,64.99,1
"89","WINE","TABLE WINE RED","FRANCE","CORBIERES BOUTENAC - GERARD BERTRAND CHAT. DE VILLEMAJOU 11",14.5,59.99,0
"90","WINE","TABLE WINE RED","CANADA","MISSSION HILL - QUATRAIN 2010",13.8,60,0
"91","WINE","SPARKLING WINE WHITE","FRANCE","LANSON - BLACK LABEL BRUT",12.5,64.99,1
"92","WINE","SPARKLING WINE ROSE","FRANCE","CHARLES DE CAZANOVE - BRUT ROSE",12,55,1
"93","WINE","SPARKLING WINE WHITE","FRANCE","PIPER HEIDSIECK - BRUT",12,64.99,0
"94","WINE","TABLE WINE WHITE","FRANCE","CROZES HERMITAGE BLANC - JABOULET DOMAINE DE ROURE 2010",13,59.99,0
"95","WINE","TABLE WINE RED","FRANCE","CHATEAUNEUF DU PAPE - OGIER ECLATS CALCAIRES 2007",14,54.97,0
"96","WINE","TABLE WINE RED","ITALY","BRUNELLO DI MONTALCINO - ARGIANO 06/07",14,59.99,0
"97","WINE","TABLE WINE RED","FRANCE","CORNAS - CAVE DE TAIN ARENES SAUVAGES 2003",14,55.99,0
"98","WINE","TABLE WINE RED","ITALY","SICILIA NERO D'AVOLA - FEUDO MONTONI VRUCARA",13.5,53.99,0
"99","WINE","TABLE WINE RED","CROATIA","PLAVAC MALI MAJSTOR - STINA 2010",14.5,59.95,0
"100","WINE","TABLE WINE RED","AUSTRALIA","SHIRAZ - MOLLYDOOKER BLUE EYED BOY 2012",16,54.99,0
"101","WINE","TABLE WINE RED","ITALY","BOLGHERI - ORNELLAIA LE SERRE NUOVE 2011/12",14,64.99,0
"102","WINE","TABLE WINE RED","FRANCE","CHATEAU FIEUZAL ROUGE 2011",14.5,58,0
"103","WINE","SPARKLING WINE WHITE","FRANCE","CHAMPAGNE DRAPPIER - BRUT NATURE",12,65.99,0
"104","WINE","WINE - GIFT PACKS ALL","CANADA","LDB GIFT BOX $60",13.5,60,NA
"105","WINE","TABLE WINE RED","UNITED STATES OF AMERICA","ZINFANDEL - RIDGE SONOMA PAGANI RANCH 2012",14,58.99,0
"106","WINE","TABLE WINE RED","UNITED STATES OF AMERICA","PINOT NOIR - THE HILT VANGUARD 2011",14.1,64.99,0
"107","WINE","TABLE WINE RED","UNITED STATES OF AMERICA","PINOT NOIR - BERGSTROM WILLAMETTE CUMBERLAND RESERVE 11/12",14,59.99,0
"108","WINE","TABLE WINE RED","FRANCE","CORNAS - DELAS CHANTE PERDRIX 09/10",13.5,59.99,0
"109","WINE","TABLE WINE RED","FRANCE","SAVIGNY LES BEAUNE 1ER AUX GUETTES - DOMAINE PAVELOT 09/10",13,59.99,0
"110","WINE","TABLE WINE RED","ITALY","VALTELLINA SFURSAT - ALDO RAINOLDI 09",14.5,57.97,0
"111","WINE","TABLE WINE RED","FRANCE","COTE ROTIE - ROMAIN DUVERNAY 2009",13,64,0
"112","WINE","TABLE WINE RED","ITALY","AMARONE CLASSICO - MASI COSTASERA",15.5,54.99,0
"113","WINE","TABLE WINE RED","SPAIN","RIBERA DEL DUERO - PRIMORDIUM TRESMIL BOTELLES 08",14,62.99,0
"114","WINE","TABLE WINE RED","FRANCE","NUITS ST GEORGES - DOM DANIEL RION LES GRANDS VIGNES 07",13,59.93,0
"115","WINE","TABLE WINE WHITE","FRANCE","CONDRIEU - DOMAINE LOUIS CLERC 2011",13.5,59.99,0
"116","WINE","TABLE WINE WHITE","FRANCE","MEURSAULT - DOM BOUCHARD PERE 2011",13,58.99,0
"117","WINE","SPARKLING WINE WHITE","FRANCE","POL ROGER - CUVEE DE RESERVE BRUT",12,67.99,0
"118","WINE","TABLE WINE RED","ITALY","BAROLO - AURELIO SETTIMO ROCCHE 07/08",13.5,59.95,0
"119","WINE","TABLE WINE RED","ITALY","BARBARESCO - PIETRO RINALDI SAN CRISTOFORO 07/09",14.5,59.99,0
"120","WINE","TABLE WINE RED","UNITED STATES OF AMERICA","CABERNET SAUVIGNON - SALVESTRIN NAPA ST HELENA 2008",14.8,59.95,0
"121","WINE","TABLE WINE RED","ITALY","BARBARESCO - RIZZI PAJORE 2004",14,62.49,0
"122","WINE","TABLE WINE RED","FRANCE","CAHORS - BALDES CLOS TRIGUEDINA PRINCE PROBUS 2000",13.5,59.93,0
"123","WINE","TABLE WINE RED","ITALY","BRUNELLO DI MONTALCINO - FOSSACOLLE 07/08",14.5,60.49,0
"124","WINE","TABLE WINE RED","SPAIN","TORO - ALONSO DEL YERRO PAYDOS 2010",14,64.99,0
"125","WINE","TABLE WINE WHITE","FRANCE","CHABLIS 1ER FOURCHAUME - DOM WM FEVRE 10/11",13,65,0
"126","WINE","TABLE WINE RED","FRANCE","ROUSSILLON VILLAGES - DOMAINE BOUCABEILLE LES ORRIS 2011",14,54.99,0
"127","WINE","TABLE WINE WHITE","FRANCE","SANCERRE - PASCAL COTAT LA GRANDE COTE 11/12",13.3,62.99,0
"128","WINE","TABLE WINE RED","ITALY","SAGRANTINO DI MONTEFALCO - BELLAFONTE 2009",15.5,59.99,0
"129","WINE","SPARKLING WINE WHITE","FRANCE","LOUIS DE SACY - BRUT GRAND CRU",12,64.99,1
"130","WINE","TABLE WINE WHITE","GERMANY","NORHEIMER KIRSCHHECK RIESLING SPATLESE - WEINGUT DONNHOFF",11,58.95,0
"131","WINE","TABLE WINE RED","CHILE","CABERNET SAUVIGNON - LOS VASCOS LE DIX DE LOS VASCOS 2012",14,59.99,0
"132","WINE","TABLE WINE RED","UNITED STATES OF AMERICA","CABERNET SAUVIGNON - ROBERT MONDAVI NAPA OAKVILLE 2010",15.6,59.99,0
"133","WINE","TABLE WINE RED","FRANCE","FIXIN - DOMAINE DENIS BERTHAULT LES CLOS 2009",13,55,0
"134","WINE","TABLE WINE WHITE","FRANCE","CHATEAU CARBONNIEUX BLANC 2010",13.5,60,0
"135","WINE","SPARKLING WINE WHITE","FRANCE","GOSSET - BRUT EXCELLENCE",12,59.99,0
"136","WINE","TABLE WINE RED","ITALY","BRUNELLO DI MONTALCINO - BANFI 07/09",13,59.95,0
"137","WINE","TABLE WINE RED","ITALY","BAROLO - MARCARINI BRUNATE 2009",13.5,59.99,0
"138","WINE","TABLE WINE RED","ITALY","AMARONE CLASSICO - TOMMASI",15,59.99,0
"139","WINE","TABLE WINE RED","FRANCE","GEVREY CHAMBERTIN - BOUCHARD PERE 09/10",13,56,0
"140","WINE","TABLE WINE RED","FRANCE","GEVREY CHAMBERTIN - MARK HAISMA CROIX DES CHAMPS 2010",13,64.96,0
"141","WINE","SPARKLING WINE WHITE","FRANCE","LE MESNIL - BLANC DE BLANCS GRAND CRU BRUT",12,54.99,1
"142","WINE","TABLE WINE RED","UNITED STATES OF AMERICA","PINOT NOIR - SHEA WILLAMETTE 2011",13.5,54.99,0
"143","WINE","TABLE WINE WHITE","FRANCE","RIESLING - WEINBACH GRAND CRU SCHLOSSBERG 11/12",13,64.96,1
"144","WINE","TABLE WINE RED","ITALY","AMARONE - MUSELLA 07/08",16,59.99,0
"145","WINE","TABLE WINE RED","FRANCE","FRONSAC - HAUT CARLES 2003",12.5,58.97,0
"146","WINE","TABLE WINE RED","FRANCE","VOLNAY 1ER CLOS DES CHENES - DOM ANTONIN GUYON 2009",13,66.95,0
"147","WINE","TABLE WINE RED","FRANCE","CHATEAUNEUF DU PAPE - SAINT COSME 09/10",13.5,63.99,0
"148","WINE","TABLE WINE RED","CHILE","PINOT NOIR - CONO SUR OCIO 11/12",13.9,64.99,0
"149","WINE","TABLE WINE WHITE","FRANCE","CHATEAUNEUF DU PAPE BLANC - DOM DE NALYS EICELENCI 09/10",13.5,59.99,0
"150","WINE","ICE WINE WHITE","CANADA","NK'MIP CELLARS - RIESLING ICEWINE QWAM QWMT 2013",9.5,59.99,10
"151","WINE","TABLE WINE RED","SPAIN","PENEDES CABERNET SAUVIGNON - TORRES MAS LA PLANA 2008/09",13.5,64.99,0
"152","WINE","TABLE WINE WHITE","FRANCE","CHABLIS 1ER LES LYS - DOM WM FEVRE 2012",13.5,55.99,0
"153","WINE","TABLE WINE RED","ITALY","SICILIA FRAPPATO - ARIANNA OCCHIPINTI II FRAPPATO 2013",12.5,54.99,0
"154","WINE","TABLE WINE RED","ITALY","GUIDALBERTO 2012",13,59.99,0
"155","WINE","TABLE WINE RED","AUSTRALIA","CABERNET SAUVIGNON - ST. ANDREWS",14.5,59.99,0
"156","WINE","TABLE WINE RED","ITALY","BAROLO - AZELIA 08/09",14.5,56.99,0
"157","WINE","TABLE WINE RED","UNITED STATES OF AMERICA","CABERNET SAUVIGNON - FOREFATHERS ALEXANDER VLY LONE TREE 12",14.3,62.99,0
"158","WINE","TABLE WINE RED","SPAIN","RIOJA GRAN RESERVA - CUNE IMPERIAL 2005",13.5,65.95,0
"159","WINE","TABLE WINE WHITE","FRANCE","CHATEAU RIEUSSEC 2010",13,59,10
"160","WINE","TABLE WINE RED","FRANCE","CHATEAUNEUF DU PAPE - GARDINE 2011",14,57.99,0
"161","WINE","TABLE WINE RED","UNITED STATES OF AMERICA","CABERNET SAUVIGNON - REGUSCI NAPA STAGS LEAP 09/10",14.5,59.99,0
"162","WINE","PORT","PORTUGAL","GRAHAM - VINTAGE 2000",20,60,10
"163","WINE","PORT","PORTUGAL","RAMOS PINTO - 20 YEAR OLD TAWNY QUINTA DO BOM RETIRO",20,67.99,10
"164","WINE","TABLE WINE RED","ARGENTINA","QUIMERA - ACHAVAL FERRER MENDOZA 2011",14,53.99,1
"165","WINE","TABLE WINE RED","CANADA","PAINTED ROCK - RED ICON 2012",13.9,54.9,0
"166","WINE","SPARKLING WINE WHITE","FRANCE","PIERRE PAILLARD - GRAND CRU BRUT",12.57,56.99,0
"167","WINE","TABLE WINE RED","PORTUGAL","DOURO - QUINTA VALE D MARIA 08/11",12,54.99,0
"168","WINE","TABLE WINE RED","FRANCE","CHATEAUNEUF DU PAPE - CHANTE CIGALE 2007",15,54.97,0
"169","WINE","TABLE WINE WHITE","GERMANY","RIESLING SPATLESE - DR THANISCH BERNKASTEL DOCTOR 10",9,56.99,1
"170","WINE","TABLE WINE RED","UNITED STATES OF AMERICA","MERLOT - PEDESTAL 05/08",14.7,64.99,0
"171","WINE","SPARKLING WINE WHITE","ITALY","BOTTEGA - PROSECCO GOLD BRUT MAGNUM",11,54.99,0
"172","WINE","TABLE WINE RED","PORTUGAL","DOURO RESERVA - QUINTA DO VALLADO FIELD BLEND 10/11",14.5,53.99,0
"173","WINE","TABLE WINE RED","FRANCE","FRONSAC - CHATEAU LA VIEILLE CURE 2001",13.5,54.99,0
"174","WINE","TABLE WINE RED","FRANCE","ALOXE CORTON 1ER LES MARECHAUDES - VINCENT SAUVESTRE 10",13,59.99,0
"175","WINE","TABLE WINE RED","FRANCE","VOLNAY - POTEL VIEILLES VIGNES 2010",12.5,59.95,0
"176","WINE","TABLE WINE RED","FRANCE","BEAUNE 1ER CHAMPIMONTS - DOM SEGUIN MANUEL 09",13,65.95,0
"177","WINE","TABLE WINE RED","SPAIN","RIBERA DEL DUERO RESERVA - VALDUERO 2007",14,59.93,0
"178","WINE","TABLE WINE RED","UNITED STATES OF AMERICA","SYRAH - AMOR FATI SANTA MARIA VALLEY 2011",14.5,59.99,0
"179","WINE","TABLE WINE RED","SPAIN","PRIORAT - SCALA DEI CARTOIXA",15,59.99,0
"180","WINE","TABLE WINE RED","ARGENTINA","MALBEC CABERNET FRANC - TRAPICHE ISCAY MENDOZA 2008",15,54.99,0
"181","WINE","TABLE WINE RED","UNITED STATES OF AMERICA","ZINFANDEL - LOUIS MARTINI SONOMA MONTE ROSSO GNARLY VINE 12",14.2,65,0
"182","WINE","TABLE WINE RED","UNITED STATES OF AMERICA","CABERNET SAUVIGNON - PAUL HOBBS NAPA CROSS BARN 10/11",14,59.99,0
"183","WINE","TABLE WINE WHITE","FRANCE","CHATEAU SUDUIRAUT 2006",13,59,10
"184","WINE","TABLE WINE RED","ITALY","BRUNELLO DI MONTALCINO - ALTESINO 07/08",13.5,59.99,0
"185","WINE","TABLE WINE RED","FRANCE","CHATEAUNEUF DU PAPE - VIEUX LAZARET CUV EXCEPTIONNELLE 07/09",13.8,59.93,0
"186","WINE","SPARKLING WINE WHITE","FRANCE","DE VENOGE - CORDON BLEU BRUT SELECT",12,67.99,0
"187","WINE","ICE WINE WHITE","CANADA","MISSION HILL - RESERVE RIESLING ICEWINE 2013",9,59.99,10
"188","WINE","ICE WINE WHITE","CANADA","PARADISE RANCH - CHARDONNAY ICEWINE 12/13",11,54.9,10
"189","WINE","TABLE WINE RED","FRANCE","CHATEAUNEUF DU PAPE - VIEUX DONJON 10/11",13.4,63,0
"190","WINE","TABLE WINE RED","ITALY","BAROLO - BATASIOLO BOSCARETO 05/06",14,62.95,0
"191","WINE","TABLE WINE RED","ITALY","DOLOMITI - SAN LEONARDO VILLA GRESTI 04/05",13.5,57.99,0
"192","WINE","SPARKLING WINE WHITE","ITALY","BELLAVISTA - FRANCIACORTA GRAN CUVEE 2007",12.5,64.99,0
"193","WINE","TABLE WINE RED","NEW ZEALAND","SOPHIA - CRAGGY RANGE HAWKES BAY GIMBLETT GRAVELS 2011",14,59.99,0
"194","WINE","SPARKLING WINE WHITE","FRANCE","MOET & CHANDON - BRUT IMPERIAL",12,66.95,0
"195","WINE","TABLE WINE RED","UNITED STATES OF AMERICA","MERLOT - DUCKHORN NAPA 10/11",14.5,59.95,0
"196","WINE","TABLE WINE WHITE","FRANCE","MEURSAULT - DOM VINCENT GIRARDIN LES NARVAUX 2010",13,59.99,0
"197","WINE","TABLE WINE RED","FRANCE","CHAMBOLLE MUSIGNY - JC BOISSET 2011",12.5,64.95,0
"198","WINE","TABLE WINE RED","SOUTH AFRICA","PINOT NOIR - HAMILTON RUSSELL VINEYARDS",13.6,59.99,NA
"199","WINE","TABLE WINE RED","ITALY","AMARONE CLASSICO - SARTORI CORTE BRA 07",14.5,66.99,0
"200","WINE","TABLE WINE WHITE","FRANCE","CHABLIS 1ER MONTEE DE TONNERRE - WM FEVRE 10/11",13,62,0
"201","WINE","TABLE WINE RED","FRANCE","VOLNAY - OLIVIER LEFLAIVE 09",13,53.96,0
"202","WINE","TABLE WINE WHITE","FRANCE","CONDRIEU - BROTTE VERSANT DORE 10",14.5,59.99,0
"203","WINE","TABLE WINE RED","ITALY","BAROLO - RENATO RATTI MARCENASCO 2010",13.5,65.95,0
"204","WINE","TABLE WINE WHITE","ITALY","VIN SANTO DEL CHIANTI CLASSICO - BADIA A COLTIBUONO 2006",15.5,64.95,10
"205","WINE","TABLE WINE RED","SPAIN","RIOJA RESERVA -  LOPEZ DE HEREDIA VINA TONDONIA 2002",13,53.95,0
"206","WINE","TABLE WINE RED","ITALY","BARBARESCO - PELISSERO NUBIOLA 2010",14,64.99,0
"207","WINE","TABLE WINE RED","UNITED STATES OF AMERICA","LYTTON SPRINGS - RIDGE DRY CREEK VALLEY 10/11",14,54.99,0
"208","WINE","TABLE WINE WHITE","FRANCE","CHABLIS 1ER MONT DE MILIEU - DOM WM FEVRE 10/11",13,65,0
"209","WINE","TABLE WINE RED","ITALY","CHIANTI CLASSICO GRAN SELEZIONE - VICCHIOMAGGIO LA PRIMA 10",13.5,59.95,0
"210","WINE","TABLE WINE RED","ITALY","TOSCANA - GAJA CA'MARCANDA PROMIS 10/11",14,55.99,0
"211","WINE","TABLE WINE WHITE","ITALY","VERDICCHIO CLASSICO RISERVA - BUCCI VILLA BUCCI 2009",13.5,59.99,0
"212","WINE","TABLE WINE RED","FRANCE","CHATEAU HAUT BERGEY 2011",13,60,0
"213","WINE","SPARKLING WINE WHITE","FRANCE","LIEBART REGNIER - CHARDONNAY BRUT",12,59.95,0
"214","WINE","TABLE WINE WHITE","GERMANY","RHEINPFALZ RIESLING BURGERGARTEN - WEINGUT MULLER CATOIR",12,54.75,0
"215","WINE","SHERRY","SPAIN","PEDRO XIMENEZ SOLERA FUNDACION - CRUZ CONDE",16,64.99,NA
"216","WINE","TABLE WINE RED","UNITED STATES OF AMERICA","L'ORAGE - SHERIDAN YAKIMA VALLEY 10/11",14,67,0
"217","WINE","TABLE WINE RED","FRANCE","CHATEAU BATAILLEY 2011",13,68,NA
"218","WINE","TABLE WINE WHITE","FRANCE","CHATEAU CARBONNIEUX BLANC 2010",13.5,68,0
