year,cancerType,cases,deaths,deathsPerMillion,mortalityRate
1999,Breast,185254,41528,149,0.22
1999,Prostate,184722,31728,114,0.17
1999,Lung and Bronchus,176551,152061,545,0.86
1999,Colon and Rectum,140888,57222,205,0.41
1999,Urinary Bladder,55174,11910, 43,0.22
1999,Melanoma of the Skin,38290,7215, 26,0.19
1999,Non-Hodgkin Lymphoma,48483,22802, 82,0.47
1999,Kidney and Renal Pelvis,30669,11116, 40,0.36
1999,Corpus Uteri,31982,3121, 11,0.098
1999,Thyroid,17179,1241,4.4,0.072
1999,Leukemias,32265,21071, 76,0.65
1999,Pancreas,29081,27594, 99,0.95
1999,Oral Cavity and Pharynx,27087,7486, 27,0.28
1999,Liver,10381,9830, 35,0.95
1999,Stomach,19092,12711, 46,0.67
1999,Brain and Other Nervous System,17359,12765, 46,0.74
1999,Myeloma,13989,10508, 38,0.75
1999,Ovary,19588,13627, 49,0.7
1999,Esophagus,12532,11917, 43,0.95
1999,Larynx,11511,3815, 14,0.33
1999,Cervix Uteri,12782,4204, 15,0.33
1999,Gallbladder,3066,2059,7.4,0.67
2000,Breast,189083,42300,150,0.22
2000,Prostate,194123,31078,110,0.16
2000,Lung and Bronchus,182369,155426,551,0.85
2000,Colon and Rectum,145413,57434,204,0.39
2000,Urinary Bladder,57433,12002, 43,0.21
2000,Melanoma of the Skin,42250,7420, 26,0.18
2000,Non-Hodgkin Lymphoma,50004,22729, 81,0.45
2000,Kidney and Renal Pelvis,33122,11736, 42,0.35
2000,Corpus Uteri,32639,3139, 11,0.096
2000,Thyroid,19524,1328,4.7,0.068
2000,Leukemias,34754,21397, 76,0.62
2000,Pancreas,29331,29072,103,0.99
2000,Oral Cavity and Pharynx,28264,7492, 27,0.27
2000,Liver,11465,10192, 36,0.89
2000,Stomach,19410,12645, 45,0.65
2000,Brain and Other Nervous System,17979,12655, 45,0.7
2000,Myeloma,14994,10639, 38,0.71
2000,Ovary,20532,14060, 50,0.68
2000,Esophagus,13051,12232, 43,0.94
2000,Larynx,11668,3861, 14,0.33
2000,Cervix Uteri,13144,4200, 15,0.32
2000,Gallbladder,3013,1949,6.9,0.65
2001,Breast,189070,41809,147,0.22
2001,Prostate,197674,30719,108,0.16
2001,Lung and Bronchus,183491,155969,547,0.85
2001,Colon and Rectum,143642,56808,199,0.4
2001,Urinary Bladder,57317,12225, 43,0.21
2001,Melanoma of the Skin,44824,7542, 26,0.17
2001,Non-Hodgkin Lymphoma,50806,22305, 78,0.44
2001,Kidney and Renal Pelvis,34846,12078, 42,0.35
2001,Corpus Uteri,33657,3185, 11,0.095
2001,Thyroid,20541,1354,4.8,0.066
2001,Leukemias,35404,21532, 76,0.61
2001,Pancreas,29802,29425,103,0.99
2001,Oral Cavity and Pharynx,28263,7701, 27,0.27
2001,Liver,12016,10489, 37,0.87
2001,Stomach,19141,12319, 43,0.64
2001,Brain and Other Nervous System,17748,12609, 44,0.71
2001,Myeloma,15233,10714, 38,0.7
2001,Ovary,20383,14414, 51,0.71
2001,Esophagus,13031,12529, 44,0.96
2001,Larynx,11390,3797, 13,0.33
2001,Cervix Uteri,12462,4092, 14,0.33
2001,Gallbladder,3130,1971,6.9,0.63
2002,Breast,190310,41883,146,0.22
2002,Prostate,203034,30446,106,0.15
2002,Lung and Bronchus,187294,157630,548,0.84
2002,Colon and Rectum,144312,56603,197,0.39
2002,Urinary Bladder,58890,12627, 44,0.21
2002,Melanoma of the Skin,47251,7513, 26,0.16
2002,Non-Hodgkin Lymphoma,52464,21910, 76,0.42
2002,Kidney and Renal Pelvis,36943,12165, 42,0.33
2002,Corpus Uteri,34300,3187, 11,0.093
2002,Thyroid,22819,1367,4.8,0.06
2002,Leukemias,35034,21581, 75,0.62
2002,Pancreas,30263,30126,105,  1
2002,Oral Cavity and Pharynx,29226,7737, 27,0.26
2002,Liver,13096,11048, 38,0.84
2002,Stomach,19623,12198, 42,0.62
2002,Brain and Other Nervous System,18495,12830, 45,0.69
2002,Myeloma,15742,10913, 38,0.69
2002,Ovary,20296,14682, 51,0.72
2002,Esophagus,13260,12700, 44,0.96
2002,Larynx,11201,3722, 13,0.33
2002,Cervix Uteri,12199,3952, 14,0.32
2002,Gallbladder,3006,1907,6.6,0.63
2003,Breast,192597,41998,145,0.22
2003,Prostate,199363,29554,102,0.15
2003,Lung and Bronchus,200202,157990,545,0.79
2003,Colon and Rectum,150600,55783,192,0.37
2003,Urinary Bladder,62442,12483, 43,0.2
2003,Melanoma of the Skin,49369,7818, 27,0.16
2003,Non-Hodgkin Lymphoma,56172,21475, 74,0.38
2003,Kidney and Renal Pelvis,40878,12286, 42,0.3
2003,Corpus Uteri,35162,3261, 11,0.093
2003,Thyroid,25182,1312,4.5,0.052
2003,Leukemias,37731,21608, 74,0.57
2003,Pancreas,32890,30777,106,0.94
2003,Oral Cavity and Pharynx,31364,7777, 27,0.25
2003,Liver,14489,11423, 39,0.79
2003,Stomach,20799,12110, 42,0.58
2003,Brain and Other Nervous System,19437,12901, 44,0.66
2003,Myeloma,16837,10809, 37,0.64
2003,Ovary,21286,14657, 51,0.69
2003,Esophagus,14419,12860, 44,0.89
2003,Larynx,11944,3791, 13,0.32
2003,Cervix Uteri,12420,3919, 14,0.32
2003,Gallbladder,3276,1915,6.6,0.58
2004,Breast,197386,41316,141,0.21
2004,Prostate,201960,29002, 99,0.14
2004,Lung and Bronchus,206064,158006,540,0.77
2004,Colon and Rectum,151659,53580,183,0.35
2004,Urinary Bladder,65110,13030, 45,0.2
2004,Melanoma of the Skin,53831,7952, 27,0.15
2004,Non-Hodgkin Lymphoma,59132,20938, 72,0.35
2004,Kidney and Renal Pelvis,43858,12313, 42,0.28
2004,Corpus Uteri,37292,3272, 11,0.088
2004,Thyroid,28130,1409,4.8,0.05
2004,Leukemias,39075,21472, 73,0.55
2004,Pancreas,34367,31771,109,0.92
2004,Oral Cavity and Pharynx,32457,7826, 27,0.24
2004,Liver,15891,11831, 40,0.74
2004,Stomach,21066,11859, 41,0.56
2004,Brain and Other Nervous System,20427,12829, 44,0.63
2004,Myeloma,17908,10578, 36,0.59
2004,Ovary,21320,14716, 50,0.69
2004,Esophagus,15299,13023, 44,0.85
2004,Larynx,12562,3668, 13,0.29
2004,Cervix Uteri,12463,3850, 13,0.31
2004,Gallbladder,3349,1936,6.6,0.58
2005,Breast,200197,41491,140,0.21
2005,Prostate,203481,28905, 98,0.14
2005,Lung and Bronchus,210338,159217,539,0.76
2005,Colon and Rectum,150306,53005,179,0.35
2005,Urinary Bladder,66137,13253, 45,0.2
2005,Melanoma of the Skin,58279,8345, 28,0.14
2005,Non-Hodgkin Lymphoma,59846,20873, 71,0.35
2005,Kidney and Renal Pelvis,46126,12517, 42,0.27
2005,Corpus Uteri,38419,3259, 11,0.085
2005,Thyroid,30938,1462,4.9,0.047
2005,Leukemias,39091,21716, 73,0.56
2005,Pancreas,35572,32759,111,0.92
2005,Oral Cavity and Pharynx,32962,7773, 26,0.24
2005,Liver,16881,12544, 42,0.74
2005,Stomach,20831,11514, 39,0.55
2005,Brain and Other Nervous System,20473,13152, 45,0.64
2005,Myeloma,18132,10758, 36,0.59
2005,Ovary,21560,14787, 50,0.69
2005,Esophagus,15228,13499, 46,0.89
2005,Larynx,12488,3796, 13,0.3
2005,Cervix Uteri,12755,3924, 13,0.31
2005,Gallbladder,3441,1989,6.7,0.58
2006,Breast,204729,41209,138,0.2
2006,Prostate,222418,28372, 95,0.13
2006,Lung and Bronchus,211212,158599,532,0.75
2006,Colon and Rectum,148376,53196,178,0.36
2006,Urinary Bladder,65193,13474, 45,0.21
2006,Melanoma of the Skin,58515,8441, 28,0.14
2006,Non-Hodgkin Lymphoma,60134,20593, 69,0.34
2006,Kidney and Renal Pelvis,48549,12379, 41,0.25
2006,Corpus Uteri,39517,3449, 12,0.087
2006,Thyroid,33303,1518,5.1,0.046
2006,Leukemias,40062,22016, 74,0.55
2006,Pancreas,36858,33454,112,0.91
2006,Oral Cavity and Pharynx,33993,7720, 26,0.23
2006,Liver,17991,12832, 43,0.71
2006,Stomach,20918,11345, 38,0.54
2006,Brain and Other Nervous System,20701,12886, 43,0.62
2006,Myeloma,18300,10712, 36,0.59
2006,Ovary,21678,14857, 50,0.69
2006,Esophagus,15664,13685, 46,0.87
2006,Larynx,12525,3821, 13,0.31
2006,Cervix Uteri,12666,3976, 13,0.31
2006,Gallbladder,3497,2000,6.7,0.57
2007,Breast,210993,40969,136,0.19
2007,Prostate,235946,29093, 97,0.12
2007,Lung and Bronchus,212618,158683,527,0.75
2007,Colon and Rectum,147689,53219,177,0.36
2007,Urinary Bladder,67040,13843, 46,0.21
2007,Melanoma of the Skin,60841,8461, 28,0.14
2007,Non-Hodgkin Lymphoma,61434,20528, 68,0.33
2007,Kidney and Renal Pelvis,50461,12703, 42,0.25
2007,Corpus Uteri,40938,3377, 11,0.082
2007,Thyroid,36284,1562,5.2,0.043
2007,Leukemias,40200,21928, 73,0.55
2007,Pancreas,37761,34117,113,0.9
2007,Oral Cavity and Pharynx,35617,8067, 27,0.23
2007,Liver,19541,13291, 44,0.68
2007,Stomach,21326,11388, 38,0.53
2007,Brain and Other Nervous System,21110,13234, 44,0.63
2007,Myeloma,18491,10872, 36,0.59
2007,Ovary,21645,14621, 49,0.68
2007,Esophagus,15706,13592, 45,0.87
2007,Larynx,12583,3634, 12,0.29
2007,Cervix Uteri,12652,4021, 13,0.32
2007,Gallbladder,3541,1914,6.4,0.54
2008,Breast,216427,41026,135,0.19
2008,Prostate,224478,28471, 94,0.13
2008,Lung and Bronchus,215325,158592,522,0.74
2008,Colon and Rectum,146607,52857,174,0.36
2008,Urinary Bladder,67999,14036, 46,0.21
2008,Melanoma of the Skin,62770,8623, 28,0.14
2008,Non-Hodgkin Lymphoma,62391,20368, 67,0.33
2008,Kidney and Renal Pelvis,52345,12895, 42,0.25
2008,Corpus Uteri,42454,3436, 11,0.081
2008,Thyroid,39767,1649,5.4,0.041
2008,Leukemias,40843,22431, 74,0.55
2008,Pancreas,39472,35234,116,0.89
2008,Oral Cavity and Pharynx,37072,8019, 26,0.22
2008,Liver,20639,14176, 47,0.69
2008,Stomach,21184,11352, 37,0.54
2008,Brain and Other Nervous System,21456,13724, 45,0.64
2008,Myeloma,19423,10606, 35,0.55
2008,Ovary,21898,14362, 47,0.66
2008,Esophagus,16299,13714, 45,0.84
2008,Larynx,12536,3760, 12,0.3
2008,Cervix Uteri,12651,4008, 13,0.32
2008,Gallbladder,3559,1971,6.5,0.55
2009,Breast,221612,41076,134,0.19
2009,Prostate,219299,28088, 92,0.13
2009,Lung and Bronchus,215453,158081,515,0.73
2009,Colon and Rectum,142349,51848,169,0.36
2009,Urinary Bladder,68862,14201, 46,0.21
2009,Melanoma of the Skin,64880,9199, 30,0.14
2009,Non-Hodgkin Lymphoma,63610,20389, 66,0.32
2009,Kidney and Renal Pelvis,53210,12995, 42,0.24
2009,Corpus Uteri,44246,3333, 11,0.075
2009,Thyroid,42404,1707,5.6,0.04
2009,Leukemias,41542,22688, 74,0.55
2009,Pancreas,39883,35628,116,0.89
2009,Oral Cavity and Pharynx,37592,7922, 26,0.21
2009,Liver,22433,14963, 49,0.67
2009,Stomach,21600,11184, 36,0.52
2009,Brain and Other Nervous System,21577,14176, 46,0.66
2009,Myeloma,20171,10690, 35,0.53
2009,Ovary,21476,14436, 47,0.67
2009,Esophagus,16487,13908, 45,0.84
2009,Larynx,12604,3630, 12,0.29
2009,Cervix Uteri,12803,3909, 13,0.31
2009,Gallbladder,3778,2048,6.7,0.54
2010,Breast,217652,41435,134,0.19
2010,Prostate,209325,28560, 92,0.14
2010,Lung and Bronchus,211470,158248,512,0.75
2010,Colon and Rectum,137834,52045,168,0.38
2010,Urinary Bladder,68530,14730, 48,0.21
2010,Melanoma of the Skin,64557,9154, 30,0.14
2010,Non-Hodgkin Lymphoma,63717,20294, 66,0.32
2010,Kidney and Renal Pelvis,52712,13219, 43,0.25
2010,Corpus Uteri,45116,3644, 12,0.081
2010,Thyroid,43292,1686,5.5,0.039
2010,Leukemias,43252,22673, 73,0.52
2010,Pancreas,40961,36888,119,0.9
2010,Oral Cavity and Pharynx,38236,8474, 27,0.22
2010,Liver,22499,15537, 50,0.69
2010,Stomach,22493,11390, 37,0.51
2010,Brain and Other Nervous System,21341,14164, 46,0.66
2010,Myeloma,20527,11022, 36,0.54
2010,Ovary,20929,14572, 47,0.7
2010,Esophagus,15813,14490, 47,0.92
2010,Larynx,12688,3691, 12,0.29
2010,Cervix Uteri,12357,3939, 13,0.32
2010,Gallbladder,3770,2105,6.8,0.56
2011,Breast,222175,41374,133,0.19
2011,Prostate,209292,27970, 90,0.13
2011,Lung and Bronchus,207339,156953,504,0.76
2011,Colon and Rectum,135260,51783,166,0.38
2011,Urinary Bladder,68070,15014, 48,0.22
2011,Melanoma of the Skin,65647,9128, 29,0.14
2011,Non-Hodgkin Lymphoma,62445,20317, 65,0.33
2011,Kidney and Renal Pelvis,53185,13559, 44,0.25
2011,Corpus Uteri,45994,3714, 12,0.081
2011,Thyroid,44332,1747,5.6,0.039
2011,Leukemias,42836,23194, 74,0.54
2011,Pancreas,41473,37344,120,0.9
2011,Oral Cavity and Pharynx,39152,8657, 28,0.22
2011,Liver,23092,16631, 53,0.72
2011,Stomach,22424,11035, 35,0.49
2011,Brain and Other Nervous System,21084,14491, 47,0.69
2011,Myeloma,20696,11411, 37,0.55
2011,Ovary,20593,14346, 46,0.7
2011,Esophagus,15914,14446, 46,0.91
2011,Larynx,12253,3732, 12,0.3
2011,Cervix Uteri,12109,4092, 13,0.34
2011,Gallbladder,3778,2101,6.7,0.56
